"","Df","SumOfSqs","R2","F","Pr(>F)"
"Treatment",2,0.0936060213838239,0.456022148869249,5.02986084365013,0.012
"Residual",12,0.111660371084018,0.543977851130749,NA,NA
"Total",14,0.205266392467842,1,NA,NA
